Категория	Категория 2	Категория 3	Категория 4	Название	oldPrice	realPrice	discauntPrice	photo	alltext	Цоколь	Артикул	Цвет	Размеры мм (длина * толщина)	Модель
главная	Встраиваемые точечные светильники	Встраиваемые светильники GX53	Одноцветные обычные GX53	Ecola GX53 H4-GL светильник встраив. без рефл. глубокий Черненая медь 48x106 (к+)		118		http://svetonik.ru/upload/iblock/8e0/8e0dc5d9c1a0f34bde08fbf524ed1086.png	Ecola GX53 H4-GL светильник встраив. без рефл. глубокий Черненая медь 48x106 (к+)	GX53	9319472	Черненая медь	48x106	H4-GL
			Одноцветные обычные GX53	Ecola GX53 H4-GL светильник встраив. без рефл. глубокий Черненая бронза 48x106 (к+)		133		http://svetonik.ru/upload/iblock/781/7811482fe0eda11555f15c3b8632a83f.png	Ecola GX53 H4-GL светильник встраив. без рефл. глубокий Черненая бронза 48x106 (к+)	GX53	9319466	Черненая бронза 	48x106	H4-GL
			Одноцветные обычные GX53	Ecola GX53 H4-GL светильник встраив. без рефл. глубокий Хром 48x106 (к+)		118		http://svetonik.ru/upload/iblock/186/1865facb97dce24b3f1d1d5c354471aa.png	Ecola GX53 H4-GL светильник встраив. без рефл. глубокий Хром 48x106 (к+)	GX53	9319441	Хром	48x106	H4-GL
			Одноцветные обычные GX53	Ecola GX53 H4-GL светильник встраив. без рефл. глубокий Сатин хром 48x106 (к+)		118		http://svetonik.ru/upload/iblock/34e/34e12c13482470cea0b6599b0271657a.png	Ecola GX53 H4-GL светильник встраив. без рефл. глубокий Сатин хром 48x106 (к+)	GX53	9319456	Сатин-хром	48x106	H4-GL
			Одноцветные обычные GX53	Ecola GX53 H4-GL светильник встраив. без рефл. глубокий Золото 48x106 (к+)		118		http://svetonik.ru/upload/iblock/352/35238f6e0636a1b03f2f7e89d2e6008c.png	Ecola GX53 H4-GL светильник встраив. без рефл. глубокий Золото 48x106 (к+)	GX53	9319452	Золото	48x106	H4-GL
			Одноцветные обычные GX53	Ecola GX53 H4-GL светильник встраив. без рефл. глубокий Белый 48x106 (к+)		122		http://svetonik.ru/upload/iblock/754/754cbc2e6fabd14593a78c5a2ad43706.png	Ecola GX53 H4-GL светильник встраив. без рефл. глубокий Белый 48x106 (к+)	GX53	9319458	Белый	48x106	H4-GL
			Одноцветные обычные GX53	Ecola GX53 H4 светильник встраив. без рефл. Черный хром 38x106		99		http://svetonik.ru/upload/iblock/02d/02df11acb83743f2a4bfd7eba7e864a6.png	Встраиваемый энергосберегающий потолочный светильник-спот Ecola GX53 H4 без рефлектора. Черный Хром (черное блестящее покрытие).Идеальная энергосберегающая альтернатива светильникам-спотам на горячих галогенках.Установочная высота всего 38 мм - экономия межпотолочного пространства.Отсутствие заднего света (важно для полупрозрачных натяжных потолков).В 5 раз меньше энергопотребление и тепловыделение.Светильник почти не нагревается - защита от прожигов в натяжных потолках.Может устанавливаться в пластиковую или деревянную поверхность без дополнительной теплоизоляции.Встраиваемый энергосберегающий потолочный светильник-спот Ecola GX53 H4 без рефлектора. Черный Хром (черное блестящее покрытие).Идеальная энергосберегающая альтернатива светильникам-спотам на горячих галогенках.Установочная высота всего 38 мм - экономия межпотолочного пространства.Отсутствие заднего света (важно для полупрозрачных натяжных потолков).В 5 раз меньше энергопотребление и тепловыделение.Светильник почти не нагревается - защита от прожигов в натяжных потолках.Может устанавливаться в пластиковую или деревянную поверхность без дополнительной теплоизоляции.Встраиваемый энергосберегающий потолочный светильник-спот Ecola GX53 H4 без рефлектора. Черный Хром (черное блестящее покрытие).Идеальная энергосберегающая альтернатива светильникам-спотам на горячих галогенках.Установочная высота всего 38 мм - экономия межпотолочного пространства.Отсутствие заднего света (важно для полупрозрачных натяжных потолков).В 5 раз меньше энергопотребление и тепловыделение.Светильник почти не нагревается - защита от прожигов в натяжных потолках.Может устанавливаться в пластиковую или деревянную поверхность без дополнительной теплоизоляции.К светильнику подходят любые энергосберегающие лампы Экола GX53 мощностью 9, 11, и 13 ватт с цветовой температурой 2700К (теплый белый - как лампа накаливания), 4100К (естественно белый - близок к свету на улице), 6400К (холодный белый).К светильнику подходят любые энергосберегающие лампы Экола GX53 мощностью 9, 11, и 13 ватт с цветовой температурой 2700К (теплый белый - как лампа накаливания), 4100К (естественно белый - близок к свету на улице), 6400К (холодный белый).К светильнику подходят любые энергосберегающие лампы Экола GX53 мощностью 9, 11, и 13 ватт с цветовой температурой 2700К (теплый белый - как лампа накаливания), 4100К (естественно белый - близок к свету на улице), 6400К (холодный белый).>>> Полезный совет.>>> Полезный совет.  Черный хром (черное блестящее покрытие) - один из самых модных сейчас цветов.Черный хром прекрасно сочетаетс с практически любыми интерьерами в современном стиле. Светильники Экола GX53 Н4 Черный хром удачно дополнят дизайн вашего помещения если у Вас есть темная мебель, темные двери, бытовая техника черного или темного цвета и любые другие темные детали интерьера.  Черный хром (черное блестящее покрытие) - один из самых модных сейчас цветов.Черный хром прекрасно сочетаетс с практически любыми интерьерами в современном стиле. Светильники Экола GX53 Н4 Черный хром удачно дополнят дизайн вашего помещения если у Вас есть темная мебель, темные двери, бытовая техника черного или темного цвета и любые другие темные детали интерьера.	GX53	10357	Черный хром	38x106	
			Одноцветные обычные GX53	Ecola GX53 H4 светильник встраив. без рефл. Черненая медь 38x106		99		http://svetonik.ru/upload/iblock/caa/caa561f641922778ae7c15ee447132a8.png	"Встраиваемый энергосберегающий потолочный светильник-спот Ecola GX53 H4 без рефлектора. Чернёная медь.Идеальная энергосберегающая альтернатива светильникам-спотам на горячих галогенках.Установочная высота всего 38 мм - экономия межпотолочного пространства.Отсутствие заднего света (важно для полупрозрачных натяжных потолков).В 5 раз меньше энергопотребление и тепловыделение.Светильник почти не нагревается - защита от прожигов в натяжных потолках.Может устанавливаться в пластиковую или деревянную поверхность без дополнительной теплоизоляции.Встраиваемый энергосберегающий потолочный светильник-спот Ecola GX53 H4 без рефлектора. Чернёная медь.Идеальная энергосберегающая альтернатива светильникам-спотам на горячих галогенках.Установочная высота всего 38 мм - экономия межпотолочного пространства.Отсутствие заднего света (важно для полупрозрачных натяжных потолков).В 5 раз меньше энергопотребление и тепловыделение.Светильник почти не нагревается - защита от прожигов в натяжных потолках.Может устанавливаться в пластиковую или деревянную поверхность без дополнительной теплоизоляции.Встраиваемый энергосберегающий потолочный светильник-спот Ecola GX53 H4 без рефлектора. Чернёная медь.Идеальная энергосберегающая альтернатива светильникам-спотам на горячих галогенках.Установочная высота всего 38 мм - экономия межпотолочного пространства.Отсутствие заднего света (важно для полупрозрачных натяжных потолков).В 5 раз меньше энергопотребление и тепловыделение.Светильник почти не нагревается - защита от прожигов в натяжных потолках.Может устанавливаться в пластиковую или деревянную поверхность без дополнительной теплоизоляции.К светильнику подходят любые энергосберегающие лампы Экола GX53 мощностью 9, 11, и 13 ватт с цветовой температурой 2700К (теплый белый - как лампа накаливания), 4100К (естественно белый - близок к свету на улице), 6400К (холодный белый).К светильнику подходят любые энергосберегающие лампы Экола GX53 мощностью 9, 11, и 13 ватт с цветовой температурой 2700К (теплый белый - как лампа накаливания), 4100К (естественно белый - близок к свету на улице), 6400К (холодный белый).К светильнику подходят любые энергосберегающие лампы Экола GX53 мощностью 9, 11, и 13 ватт с цветовой температурой 2700К (теплый белый - как лампа накаливания), 4100К (естественно белый - близок к свету на улице), 6400К (холодный белый).>>> Полезный совет.>>> Полезный совет.  Все мы часто сталкиваемся с наличием в помещении перегоревших ламп, которые придают помещению неаккуратный вид. Энергосберегающие лампы служат в 5-8 раз дольше, чем лампы накаливания и галогенки. Кроме этого замена лампы в светильнике Экола GX53 H4 занимает несколько секунд. А замена ""зеркалки"" с цоколем Е14 или E27, или замена галогеновой лампы накаливания часто связана с выниманием светильника из потолка и требует нескольких минут.  Все мы часто сталкиваемся с наличием в помещении перегоревших ламп, которые придают помещению неаккуратный вид. Энергосберегающие лампы служат в 5-8 раз дольше, чем лампы накаливания и галогенки. Кроме этого замена лампы в светильнике Экола GX53 H4 занимает несколько секунд. А замена ""зеркалки"" с цоколем Е14 или E27, или замена галогеновой лампы накаливания часто связана с выниманием светильника из потолка и требует нескольких минут."	GX53	10356	38x106		
			Одноцветные обычные GX53	Ecola GX53 H4 светильник встраив. без рефл. Черненая бронза 38x106		97		http://svetonik.ru/upload/iblock/94b/94b8b52d01e61a18e777ce5bce45ee33.png	Встраиваемый энергосберегающий потолочный светильник-спот Ecola GX53 H4 без рефлектора. Чернёная бронза.Идеальная энергосберегающая альтернатива светильникам-спотам на горячих галогенках.Установочная высота всего 38 мм - экономия межпотолочного пространства.Отсутствие заднего света (важно для полупрозрачных натяжных потолков).В 5 раз меньше энергопотребление и тепловыделение.Светильник почти не нагревается - защита от прожигов в натяжных потолках.Может устанавливаться в пластиковую или деревянную поверхность без дополнительной теплоизоляции.Встраиваемый энергосберегающий потолочный светильник-спот Ecola GX53 H4 без рефлектора. Чернёная бронза.Идеальная энергосберегающая альтернатива светильникам-спотам на горячих галогенках.Установочная высота всего 38 мм - экономия межпотолочного пространства.Отсутствие заднего света (важно для полупрозрачных натяжных потолков).В 5 раз меньше энергопотребление и тепловыделение.Светильник почти не нагревается - защита от прожигов в натяжных потолках.Может устанавливаться в пластиковую или деревянную поверхность без дополнительной теплоизоляции.Встраиваемый энергосберегающий потолочный светильник-спот Ecola GX53 H4 без рефлектора. Чернёная бронза.Идеальная энергосберегающая альтернатива светильникам-спотам на горячих галогенках.Установочная высота всего 38 мм - экономия межпотолочного пространства.Отсутствие заднего света (важно для полупрозрачных натяжных потолков).В 5 раз меньше энергопотребление и тепловыделение.Светильник почти не нагревается - защита от прожигов в натяжных потолках.Может устанавливаться в пластиковую или деревянную поверхность без дополнительной теплоизоляции.К светильнику подходят любые энергосберегающие лампы Экола GX53 мощностью 9, 11, и 13 ватт с цветовой температурой 2700К (теплый белый - как лампа накаливания), 4100К (естественно белый - близок к свету на улице), 6400К (холодный белый).К светильнику подходят любые энергосберегающие лампы Экола GX53 мощностью 9, 11, и 13 ватт с цветовой температурой 2700К (теплый белый - как лампа накаливания), 4100К (естественно белый - близок к свету на улице), 6400К (холодный белый).К светильнику подходят любые энергосберегающие лампы Экола GX53 мощностью 9, 11, и 13 ватт с цветовой температурой 2700К (теплый белый - как лампа накаливания), 4100К (естественно белый - близок к свету на улице), 6400К (холодный белый).>>> Полезный совет.>>> Полезный совет.  Различные детали интерьера в бронзовом цвете сейчас очень популярны. Если в Вашем интерьере присутствуют бронзовые ручки, люстры, карнизы, рамки фотографий и картин, посуда и другие предметы обихода, то светильник Ecola GX53 H4 цвета чернёная бронза прекрасно дополнит дизайн Вашего помещения.  Различные детали интерьера в бронзовом цвете сейчас очень популярны. Если в Вашем интерьере присутствуют бронзовые ручки, люстры, карнизы, рамки фотографий и картин, посуда и другие предметы обихода, то светильник Ecola GX53 H4 цвета чернёная бронза прекрасно дополнит дизайн Вашего помещения.	GX53	10355	38x106		
			Одноцветные обычные GX53	Ecola GX53 H4 светильник встраив. без рефл.  Шлифованное золото 38x106 (к+)		95		http://svetonik.ru/upload/iblock/2a0/2a061f256e3f636e9c172011eb67ceeb.png	"Преимущества перед светильниками со встроенными светодиодами:- Возможность замены лампы. Когда в одном из светильников выйдут из строя диоды, 
	Вам придется искать точно такой же светильник, чтобы не нарушать дизайна, заниматься 
	демонтажом старого и монтажом нового. Значительно проще заменить стандартную лампу.

- Большая универсальность. Вы можете установить лампы любой нужной мощности и цветовой 
	температуры (или даже цветные), и в любой момент заменить их на другие.

- Более высокая надежность. Мы живем в век массового производства, а стандартные лампы 
	производятся в сотни раз большими тиражами, чем любые светильники.

- По этой же причине цена светильника со сменными лампами вполне соизмерима 
	(а подчас даже ниже), чем светильника со встроенными светодиодами.

	- Лампа в комплект не входит.
"	GX53	15047627	Шлифованное золото	38x106	H4
			Одноцветные обычные GX53	Ecola GX53 H4 светильник встраив. без рефл.  Черный матовый 38x106 (к+)		85		http://svetonik.ru/upload/iblock/98f/98ff108e6b1f920d6f175b4dc2e3a016.png	Ecola GX53 H4 светильник встраив. без рефл.  Черный матовый 38x106 (к+)	GX53	12599211	Черный матовый	106х38	H4
			Одноцветные обычные GX53	Ecola GX53 H4 светильник встраив. без рефл.  дерево Ясный Дуб 38x106 (к+)		147		http://svetonik.ru/upload/iblock/bad/bad15062fbe51d8a0796bd89f37b88fc.png	"Преимущества перед светильниками со встроенными светодиодами:- Возможность замены лампы. Когда в одном из светильников выйдут из строя диоды, 
	Вам придется искать точно такой же светильник, чтобы не нарушать дизайна, заниматься 
	демонтажом старого и монтажом нового. Значительно проще заменить стандартную лампу.

- Большая универсальность. Вы можете установить лампы любой нужной мощности и цветовой 
	температуры (или даже цветные), и в любой момент заменить их на другие.

- Более высокая надежность. Мы живем в век массового производства, а стандартные лампы 
	производятся в сотни раз большими тиражами, чем любые светильники.

- По этой же причине цена светильника со сменными лампами вполне соизмерима 
	(а подчас даже ниже), чем светильника со встроенными светодиодами.

	- Лампа в комплект не входит.
"	GX53	16798239	Ясный дуб	38x106	H4
			Одноцветные обычные GX53	Ecola GX53 H4 светильник встраив. без рефл.  дерево Темный Орех 38x106 (к+)		147		http://svetonik.ru/upload/iblock/e86/e862ecfed4ed4470ffe77471905fcfa8.png	"Преимущества перед светильниками со встроенными светодиодами:- Возможность замены лампы. Когда в одном из светильников выйдут из строя диоды, 
	Вам придется искать точно такой же светильник, чтобы не нарушать дизайна, заниматься 
	демонтажом старого и монтажом нового. Значительно проще заменить стандартную лампу.

- Большая универсальность. Вы можете установить лампы любой нужной мощности и цветовой 
	температуры (или даже цветные), и в любой момент заменить их на другие.

- Более высокая надежность. Мы живем в век массового производства, а стандартные лампы 
	производятся в сотни раз большими тиражами, чем любые светильники.

- По этой же причине цена светильника со сменными лампами вполне соизмерима 
	(а подчас даже ниже), чем светильника со встроенными светодиодами.

	- Лампа в комплект не входит.
"	GX53	16798237	Темный орех	38x106	H4
			Одноцветные обычные GX53	Ecola GX53 H4 светильник встраив. без рефл.  гранит Арктик 38x106 (к+)		147		http://svetonik.ru/upload/iblock/b83/b83a291e0f753d60e7f3c7ba223a6c29.png	"Преимущества перед светильниками со встроенными светодиодами:- Возможность замены лампы. Когда в одном из светильников выйдут из строя диоды, 
	Вам придется искать точно такой же светильник, чтобы не нарушать дизайна, заниматься 
	демонтажом старого и монтажом нового. Значительно проще заменить стандартную лампу.

- Большая универсальность. Вы можете установить лампы любой нужной мощности и цветовой 
	температуры (или даже цветные), и в любой момент заменить их на другие.

- Более высокая надежность. Мы живем в век массового производства, а стандартные лампы 
	производятся в сотни раз большими тиражами, чем любые светильники.

- По этой же причине цена светильника со сменными лампами вполне соизмерима 
	(а подчас даже ниже), чем светильника со встроенными светодиодами.

	- Лампа в комплект не входит.
"	GX53	16798235	гранит Арктик	38x106	H4
			Одноцветные обычные GX53	Ecola GX53 H4 Downlight without reflector_white (светильник) 38x106		84		http://svetonik.ru/upload/iblock/5a8/5a8dbf3b90462b4b8a34c08b7e4df959.png	Встраиваемый энергосберегающий потолочный светильник-спот Экола GX53 H4 без рефлектора. Белый Встраиваемый энергосберегающий потолочный светильник-спот Экола GX53 H4 без рефлектора. Белый Идеальная энергосберегающая альтернатива светильникам-спотам на горячих галогенках.Установочная высота всего 38 мм - экономия межпотолочного пространства.Отсутствие заднего света (важно для полупрозрачных натяжных потолков).В 5 раз меньше энергопотребление и тепловыделение.Светильник почти не нагревается - защита от прожигов в натяжных потолках.Может устанавливаться в пластиковую или деревянную поверхность без дополнительной теплоизоляцииИдеальная энергосберегающая альтернатива светильникам-спотам на горячих галогенках.Установочная высота всего 38 мм - экономия межпотолочного пространства.Отсутствие заднего света (важно для полупрозрачных натяжных потолков).В 5 раз меньше энергопотребление и тепловыделение.Светильник почти не нагревается - защита от прожигов в натяжных потолках.Может устанавливаться в пластиковую или деревянную поверхность без дополнительной теплоизоляции..>>> Полезный совет.>>> Полезный совет.  Если в какой-то части помещения не хватает света, белый светильник GX53 очень удобен для получения дополнительного освещения. Светильник белого цвета (лампа тоже белая) практически незаметен на белом потолке. Поэтому он может быть установлен в любом месте без нарушения существующего дизайна помещения   .   Если в какой-то части помещения не хватает света, белый светильник GX53 очень удобен для получения дополнительного освещения. Светильник белого цвета (лампа тоже белая) практически незаметен на белом потолке. Поэтому он может быть установлен в любом месте без нарушения существующего дизайна помещения   .	GX53	10314	38x106		
			Одноцветные обычные GX53	Ecola GX53 H4 Downlight without reflector_satin chrome (светильник) 38х106		99		http://svetonik.ru/upload/iblock/238/2381ec6b85540262504b3a132a11d392.png	"Встраиваемый энергосберегающий потолочный светильник-спот Ecola GX53 H4 без рефлектора. Сатин-хром.Идеальная энергосберегающая альтернатива светильникам-спотам на горячих галогенках.Установочная высота всего 38 мм - реальная экономия межпотолочного пространства.Отсутствие заднего света (важно для полупрозрачных натяжных потолков).В 5 раз меньше энергопотребление и тепловыделение.Светильник почти не нагревается - защита от прожигов в натяжных потолках.Может устанавливаться в пластиковую или деревянную поверхность без дополнительной теплоизоляции.Встраиваемый энергосберегающий потолочный светильник-спот Ecola GX53 H4 без рефлектора. Сатин-хром.Идеальная энергосберегающая альтернатива светильникам-спотам на горячих галогенках.Установочная высота всего 38 мм - реальная экономия межпотолочного пространства.Отсутствие заднего света (важно для полупрозрачных натяжных потолков).В 5 раз меньше энергопотребление и тепловыделение.Светильник почти не нагревается - защита от прожигов в натяжных потолках.Может устанавливаться в пластиковую или деревянную поверхность без дополнительной теплоизоляции.Встраиваемый энергосберегающий потолочный светильник-спот Ecola GX53 H4 без рефлектора. Сатин-хром.Идеальная энергосберегающая альтернатива светильникам-спотам на горячих галогенках.Установочная высота всего 38 мм - реальная экономия межпотолочного пространства.Отсутствие заднего света (важно для полупрозрачных натяжных потолков).В 5 раз меньше энергопотребление и тепловыделение.Светильник почти не нагревается - защита от прожигов в натяжных потолках.Может устанавливаться в пластиковую или деревянную поверхность без дополнительной теплоизоляции.К светильнику подходят любые энергосберегающие лампы Экола GX53 мощностью 9, 11, и 13 ватт с цветовой температурой 2700К (теплый белый - как лампа накаливания), 4100К (естественно белый - близок к свету на улице), 6400К (холодный белый).К светильнику подходят любые энергосберегающие лампы Экола GX53 мощностью 9, 11, и 13 ватт с цветовой температурой 2700К (теплый белый - как лампа накаливания), 4100К (естественно белый - близок к свету на улице), 6400К (холодный белый).К светильнику подходят любые энергосберегающие лампы Экола GX53 мощностью 9, 11, и 13 ватт с цветовой температурой 2700К (теплый белый - как лампа накаливания), 4100К (естественно белый - близок к свету на улице), 6400К (холодный белый).>>> Полезный совет.>>> Полезный совет.  Часто, покупатели спрашивают - ""А сколько светильников нужно на единицу площади , чтобы была нормальная освещенность?"". Конечно, можно посмотреть нормы освещенности и все аккуратно рассчитать с помощью специальных методик и программ. Но это сложно и дорого, да и не всегда правильно. Например, нормы для различных типов жилых помещений различаются в 15 раз (например нормы для лестницы и кабинета).Правильнее использовать следующий подход. Представьте себе (или посмотрите) комнату, в которой Вы лично считаете, что освещенность Вас устраивает (и именно такая освещенность Вам нужна). Посчитайте суммарную мощность ламп накаливания, которые освещают данное помещение. Поделите на площадь помещения. Получится N ватт/м2. Поделите N на 5. Получившийся результат - это та мощность энергосберегающих ламп на квадратный метр, которая Вам необходима. Если в помещениие не совсем светлые стены или много темной мебели - надо умножить результат приблизительно на 1,5. Если хочется немного посветлее - добавьте еще 30-50%   Часто, покупатели спрашивают - ""А сколько светильников нужно на единицу площади , чтобы была нормальная освещенность?"". Конечно, можно посмотреть нормы освещенности и все аккуратно рассчитать с помощью специальных методик и программ. Но это сложно и дорого, да и не всегда правильно. Например, нормы для различных типов жилых помещений различаются в 15 раз (например нормы для лестницы и кабинета).Правильнее использовать следующий подход. Представьте себе (или посмотрите) комнату, в которой Вы лично считаете, что освещенность Вас устраивает (и именно такая освещенность Вам нужна). Посчитайте суммарную мощность ламп накаливания, которые освещают данное помещение. Поделите на площадь помещения. Получится N ватт/м2. Поделите N на 5. Получившийся результат - это та мощность энергосберегающих ламп на квадратный метр, которая Вам необходима. Если в помещениие не совсем светлые стены или много темной мебели - надо умножить результат приблизительно на 1,5. Если хочется немного посветлее - добавьте еще 30-50% "	GX53	10313	38x106		
			Одноцветные обычные GX53	Ecola GX53 H4 Downlight without reflector_gold (светильник) 38x106		97		http://svetonik.ru/upload/iblock/734/734a1cc9818cbc5b782db2d8236451f2.png	"Встраиваемый энергосберегающий потолочный светильник-спот Ecola GX53 H4 без рефлектора. Золото.Идеальная энергосберегающая альтернатива светильникам-спотам на горячих галогенках.Установочная высота всего 38 мм - реальная экономия межпотолочного пространства.Отсутствие заднего света (важно для полупрозрачных натяжных потолков).В 5 раз меньше энергопотребление и тепловыделение.Светильник почти не нагревается - защита от прожигов в натяжных потолках.Может устанавливаться в пластиковую или деревянную поверхность без дополнительной теплоизоляции.Встраиваемый энергосберегающий потолочный светильник-спот Ecola GX53 H4 без рефлектора. Золото.Идеальная энергосберегающая альтернатива светильникам-спотам на горячих галогенках.Установочная высота всего 38 мм - реальная экономия межпотолочного пространства.Отсутствие заднего света (важно для полупрозрачных натяжных потолков).В 5 раз меньше энергопотребление и тепловыделение.Светильник почти не нагревается - защита от прожигов в натяжных потолках.Может устанавливаться в пластиковую или деревянную поверхность без дополнительной теплоизоляции.Встраиваемый энергосберегающий потолочный светильник-спот Ecola GX53 H4 без рефлектора. Золото.Идеальная энергосберегающая альтернатива светильникам-спотам на горячих галогенках.Установочная высота всего 38 мм - реальная экономия межпотолочного пространства.Отсутствие заднего света (важно для полупрозрачных натяжных потолков).В 5 раз меньше энергопотребление и тепловыделение.Светильник почти не нагревается - защита от прожигов в натяжных потолках.Может устанавливаться в пластиковую или деревянную поверхность без дополнительной теплоизоляции.К светильнику подходят любые энергосберегающие лампы Экола GX53 мощностью 9, 11, и 13 ватт с цветовой температурой 2700К (теплый белый - как лампа накаливания), 4100К (естественно белый - близок к свету на улице), 6400К (холодный белый).К светильнику подходят любые энергосберегающие лампы Экола GX53 мощностью 9, 11, и 13 ватт с цветовой температурой 2700К (теплый белый - как лампа накаливания), 4100К (естественно белый - близок к свету на улице), 6400К (холодный белый).К светильнику подходят любые энергосберегающие лампы Экола GX53 мощностью 9, 11, и 13 ватт с цветовой температурой 2700К (теплый белый - как лампа накаливания), 4100К (естественно белый - близок к свету на улице), 6400К (холодный белый).>>> Полезный совет.>>> Полезный совет.  Технология установки подвесного или натяжного потолка такова, что требуется 30-40 мм межпотолочного пространства. Однако больше всего от высоты потолка ""отъедают"" именно встроенные светильники. Так например, светильник-спот на горячей галогенки требует для установки как минимум 55 мм межпотолочного пространства.Установочная высота светильника Ecola GX53 - 38 мм - столько же требуется для непосредственно самого потолка. В результате светильник-спот GX53 не ""отедает"" лишней высоты у Вашего потолка.  Технология установки подвесного или натяжного потолка такова, что требуется 30-40 мм межпотолочного пространства. Однако больше всего от высоты потолка ""отъедают"" именно встроенные светильники. Так например, светильник-спот на горячей галогенки требует для установки как минимум 55 мм межпотолочного пространства.Установочная высота светильника Ecola GX53 - 38 мм - столько же требуется для непосредственно самого потолка. В результате светильник-спот GX53 не ""отедает"" лишней высоты у Вашего потолка."	GX53	10312	38x106		
			Одноцветные обычные GX53	Ecola GX53 H4 Downlight without reflector_chrome (светильник) 38x106		94		http://svetonik.ru/upload/iblock/c26/c26cb193069b2afd3cf654822455505e.png	Встраиваемый энергосберегающий потолочный светильник-спот Ecola GX53 H4 без рефлектора. Хром.Идеальная энергосберегающая альтернатива светильникам-спотам на горячих галогенках.Установочная высота всего 38 мм - экономия межпотолочного пространства.Отсутствие заднего света (важно для полупрозрачных натяжных потолков).В 5 раз меньше энергопотребление и тепловыделение.Светильник почти не нагревается - защита от прожигов в натяжных потолках.Может устанавливаться в пластиковую или деревянную поверхность без дополнительной теплоизоляции.Встраиваемый энергосберегающий потолочный светильник-спот Ecola GX53 H4 без рефлектора. Хром.Идеальная энергосберегающая альтернатива светильникам-спотам на горячих галогенках.Установочная высота всего 38 мм - экономия межпотолочного пространства.Отсутствие заднего света (важно для полупрозрачных натяжных потолков).В 5 раз меньше энергопотребление и тепловыделение.Светильник почти не нагревается - защита от прожигов в натяжных потолках.Может устанавливаться в пластиковую или деревянную поверхность без дополнительной теплоизоляции.Встраиваемый энергосберегающий потолочный светильник-спот Ecola GX53 H4 без рефлектора. Хром.Идеальная энергосберегающая альтернатива светильникам-спотам на горячих галогенках.Установочная высота всего 38 мм - экономия межпотолочного пространства.Отсутствие заднего света (важно для полупрозрачных натяжных потолков).В 5 раз меньше энергопотребление и тепловыделение.Светильник почти не нагревается - защита от прожигов в натяжных потолках.Может устанавливаться в пластиковую или деревянную поверхность без дополнительной теплоизоляции.К светильнику подходят любые энергосберегающие лампы Экола GX53 мощностью 9, 11, и 13 ватт с цветовой температурой 2700К (теплый белый - как лампа накаливания), 4100К (естественно белый - близок к свету на улице), 6400К (холодный белый).К светильнику подходят любые энергосберегающие лампы Экола GX53 мощностью 9, 11, и 13 ватт с цветовой температурой 2700К (теплый белый - как лампа накаливания), 4100К (естественно белый - близок к свету на улице), 6400К (холодный белый).К светильнику подходят любые энергосберегающие лампы Экола GX53 мощностью 9, 11, и 13 ватт с цветовой температурой 2700К (теплый белый - как лампа накаливания), 4100К (естественно белый - близок к свету на улице), 6400К (холодный белый).>>> Полезный совет.>>> Полезный совет.  Энергосберегающие лампы и светильники значительном меньше нагреваются. Поэтому в помещениях с повышенной влажностью (кухня, ванная, на улице под козырьком и т.д.) энергосберегающие светильники значительно более безопасны, чем светильники с лампами накаливания или галогенками   Энергосберегающие лампы и светильники значительном меньше нагреваются. Поэтому в помещениях с повышенной влажностью (кухня, ванная, на улице под козырьком и т.д.) энергосберегающие светильники значительно более безопасны, чем светильники с лампами накаливания или галогенками	GX53	10311	38x106		
			Одноцветные обычные GX53	Ecola GX53 H4  светильник встраиваемый без рефлектора  Сатин золото  38x106		101		http://svetonik.ru/upload/iblock/37f/37f20968cff419e953856d5c20aadbcb.png		GX53	11631	Сатин-золото	38x106	H4
			Одноцветные обычные GX53	Ecola GX53 H4  светильник встраиваемый без рефлектора  Жемчуг  38x133		108		http://svetonik.ru/upload/iblock/a5b/a5b713c00cb0c7626df987e0d52d6b40.png		GX53	11630	Жемчуг	38х133	H4
			Одноцветные рифленые GX53 	"Ecola GX53 H4 светильник встраив. без рефл. ""2 круга"" Хром 43x115"		136		http://svetonik.ru/upload/iblock/583/583c91a2081655df4e95b28c21dc8df3.png		GX53	11727	Хром	43х115	2 круга
			Одноцветные рифленые GX53 	"Ecola GX53 H4 светильник встраив. без рефл. ""Чеканка"" Черненая медь 43x115"		127		http://svetonik.ru/upload/iblock/f53/f5387705f52259d664f5a286b7a59cdd.png			11725			
			Одноцветные рифленые GX53 	"Ecola GX53 H4 светильник встраив. без рефл. ""Чеканка"" Черненая бронза 43x115"		127		http://svetonik.ru/upload/iblock/645/64584c1258077db8eb14c934348eb728.png			11724			
			Одноцветные рифленые GX53 	"Ecola GX53 H4 светильник встраив. без рефл. ""Чеканка"" Хром 43x115"		127		http://svetonik.ru/upload/iblock/aed/aed4b83e87e728a169e06248e2d0995d.png			11720			
			Одноцветные рифленые GX53 	"Ecola GX53 H4 светильник встраив. без рефл. ""Чеканка"" Сатин хром 43x115"		127		http://svetonik.ru/upload/iblock/787/7871025acc95b0b31de0d0880c593a50.png			11722			
			Одноцветные рифленые GX53 	"Ecola GX53 H4 светильник встраив. без рефл. ""Чеканка"" Золото 43x115"		127		http://svetonik.ru/upload/iblock/fd7/fd7fbf0c0f5d05617a292f260643d496.png			11721			
			Одноцветные рифленые GX53 	"Ecola GX53 H4 светильник встраив. без рефл. ""Чеканка"" Белый 43x115"		115		http://svetonik.ru/upload/iblock/351/35134ead8254e3a1b3af84a5e686807b.png			11723			
			Одноцветные рифленые GX53 	"Ecola GX53 H4 светильник встраив. без рефл. ""Звезда"" Черный хром 38x116"		136		http://svetonik.ru/upload/iblock/8eb/8eb9a11c47da403ec808e509e3035f76.png			11747			
			Одноцветные рифленые GX53 	"Ecola GX53 H4 светильник встраив. без рефл. ""Звезда"" Черненая медь 38x116"		136		http://svetonik.ru/upload/iblock/412/412502133012929a0d6869347e14cdf9.png			11745			
			Одноцветные рифленые GX53 	"Ecola GX53 H4 светильник встраив. без рефл. ""Звезда"" Черненая бронза 38x116"		136		http://svetonik.ru/upload/iblock/d92/d92b7908e7447d3086a33a48d5488ac4.png			11746			
			Одноцветные рифленые GX53 	"Ecola GX53 H4 светильник встраив. без рефл. ""Звезда"" Хром 38x116"		133		http://svetonik.ru/upload/iblock/b5c/b5c99bef719b1f451a480d1056cc7b88.png			11741			
			Одноцветные рифленые GX53 	"Ecola GX53 H4 светильник встраив. без рефл. ""Звезда"" Сатин Хром 38x116"		133		http://svetonik.ru/upload/iblock/c84/c84ec3d52bebda64268e7fe5b571aa7f.png			11743			
			Одноцветные рифленые GX53 	"Ecola GX53 H4 светильник встраив. без рефл. ""Звезда"" Золото 38x116"		133		http://svetonik.ru/upload/iblock/cee/ceed2bf22e7bb2d2359c90891307abdc.png			11742			
			Одноцветные рифленые GX53 	"Ecola GX53 H4 светильник встраив. без рефл. ""Звезда"" Белый 38x116"		119		http://svetonik.ru/upload/iblock/ea6/ea62136157fdba9fee214ef4f14d2cd2.png			11744			
			Одноцветные рифленые GX53 	"Ecola GX53 H4 светильник встраив. без рефл. ""6 полос"" Черный хром 43x115"		136		http://svetonik.ru/upload/iblock/78b/78b3ba7fb2633854f6d21e1f08c3a82c.png			11740			
			Одноцветные рифленые GX53 	"Ecola GX53 H4 светильник встраив. без рефл. ""6 полос"" Черненая медь 43x115"		136		http://svetonik.ru/upload/iblock/a05/a0582a5e2bdf57470a3a9f72304836e6.png			11739			
			Одноцветные рифленые GX53 	"Ecola GX53 H4 светильник встраив. без рефл. ""6 полос"" Черненая бронза 43x115"		136		http://svetonik.ru/upload/iblock/7d6/7d6d23bc6b7580d7432133e459055ffe.png			11738			
			Одноцветные рифленые GX53 	"Ecola GX53 H4 светильник встраив. без рефл. ""6 полос"" Хром 43x115"		136		http://svetonik.ru/upload/iblock/860/86099b1e3188be9a652755d67ff1dc32.png			11734			
			Одноцветные рифленые GX53 	"Ecola GX53 H4 светильник встраив. без рефл. ""6 полос"" Сатин хром 43x115"		136		http://svetonik.ru/upload/iblock/59e/59ed9a1db01644140c280c3c56620d49.png			11736			
			Одноцветные рифленые GX53 	"Ecola GX53 H4 светильник встраив. без рефл. ""6 полос"" Золото 43x115"		136		http://svetonik.ru/upload/iblock/fbb/fbbf8e5d0fe4241bbec690f78e9116e7.png			11735			
			Одноцветные рифленые GX53 	"Ecola GX53 H4 светильник встраив. без рефл. ""6 полос"" Белый 43x115"		122		http://svetonik.ru/upload/iblock/4e1/4e16576add57b10ff4864cc8cc570a21.png			11737			
			Одноцветные рифленые GX53 	"Ecola GX53 H4 светильник встраив. без рефл. ""2 круга"" Черный хром 43x115"		136		http://svetonik.ru/upload/iblock/1b3/1b35617a1002169a19d3d5e3a8db5626.png			11733			
			Одноцветные рифленые GX53 	"Ecola GX53 H4 светильник встраив. без рефл. ""2 круга"" Черненая медь 43x115"		136		http://svetonik.ru/upload/iblock/891/891ae7ea857cb7d33e5a0d9d61e35530.png			11732			
			Одноцветные рифленые GX53 	"Ecola GX53 H4 светильник встраив. без рефл. ""2 круга"" Черненая бронза 43x115"		136		http://svetonik.ru/upload/iblock/446/44639f6bcdfd1fff6386ecef97591a7c.png			11731			
			Одноцветные рифленые GX53 	"Ecola GX53 H4 светильник встраив. без рефл. ""2 круга"" Сатин хром 43x115"		136		http://svetonik.ru/upload/iblock/c34/c3407a3da4931270ca92440599abb252.png			11729			
			Одноцветные рифленые GX53 	"Ecola GX53 H4 светильник встраив. без рефл. ""2 круга"" Золото 43x115"		136		http://svetonik.ru/upload/iblock/759/7599e761b7475371aa86c30161985282.png			11728			
			Одноцветные рифленые GX53 	"Ecola GX53 H4 светильник встраив. без рефл. ""2 круга"" Белый 43x115"		123		http://svetonik.ru/upload/iblock/f21/f215d568273409229c27016344fb0962.png			11730			
			Двухцветные обычные GX53	Ecola GX53 H4 светильник встраив. без рефл. 2 цв. черный хром-серебро-черный хром 38х106		182		http://svetonik.ru/upload/iblock/e1b/e1b4c3e7f1af9e27955d1ca574d982f4.png		GX53	10906	Черный хром-серебро-черный хром	38x106	H4
			Двухцветные обычные GX53	Ecola GX53 H4 светильник встраив. без рефл. 2 цв. черный хром-золото-черный хром 38х106		182		http://svetonik.ru/upload/iblock/b6d/b6dd28a07f0ff794f4d94fd423888139.png		GX53	10888	Черный хром-золото-черный хром	38x106	H4
			Двухцветные обычные GX53	Ecola GX53 H4 светильник встраив. без рефл. 2 цв. черный хром-жемчуг-черный хром 38х106		182		http://svetonik.ru/upload/iblock/2ea/2ea50c5e2d2ea62aa99fb00010774956.png		GX53	10901	Черный хром-жемчуг-черный хром	38x106	H4
			Двухцветные обычные GX53	Ecola GX53 H4 светильник встраив. без рефл. 2 цв. хром-черный хром-хром 38х106		182		http://svetonik.ru/upload/iblock/d3c/d3c2930485dc3ad1bd790f84eef9f057.png		GX53	10896	Хром-черный хром-хром	38x106	H4
			Двухцветные обычные GX53	Ecola GX53 H4 светильник встраив. без рефл. 2 цв. хром-серебро-хром 38х106		182		http://svetonik.ru/upload/iblock/fc0/fc0410846ebd1cf44cd1e9590d263cdb.png		GX53	10904	Хром-серебро-хром	38x106	H4
			Двухцветные обычные GX53	Ecola GX53 H4 светильник встраив. без рефл. 2 цв. хром-жемчуг-хром 38х106		182		http://svetonik.ru/upload/iblock/0f2/0f28d8c0dcfe311453b472b088efba35.png		GX53	10900	Хром-жемчуг-хром	38x106	H4
			Двухцветные обычные GX53	Ecola GX53 H4 светильник встраив. без рефл. 2 цв. серебро-черный хром-серебро 38х106		182		http://svetonik.ru/upload/iblock/942/9421b725f7ea6edee2b9621cd4107e05.png		GX53	10898	Серебро-черный хром-серебро	38x106	H4
			Двухцветные обычные GX53	Ecola GX53 H4 светильник встраив. без рефл. 2 цв. серебро-хром-серебро 38х106		182		http://svetonik.ru/upload/iblock/70f/70fce276f5f0febde18c839b4e6be85c.png		GX53	10894	Серебро-хром-серебро	38x106	H4
			Двухцветные обычные GX53	Ecola GX53 H4 светильник встраив. без рефл. 2 цв. серебро-золото-серебро 38х106		182		http://svetonik.ru/upload/iblock/dd6/dd6a1e1056e72175588f8c0898cfdb41.png		GX53	10890	Серебро-золото-серебро	38x106	H4
			Двухцветные обычные GX53	Ecola GX53 H4 светильник встраив. без рефл. 2 цв. серебро-жемчуг-серебро 38х106		182		http://svetonik.ru/upload/iblock/82b/82b7dd244a5a834832d3dc14033c703f.png		GX53	10902	Серебро-жемчуг-серебро	38x106	H4
			Двухцветные обычные GX53	Ecola GX53 H4 светильник встраив. без рефл. 2 цв. золото-черный хром-золото 38х106		182		http://svetonik.ru/upload/iblock/0d6/0d61fe887695274dd723d43bd2ec3830.png		GX53	10895	Золото-черный хром-золото	38x106	H4
			Двухцветные обычные GX53	Ecola GX53 H4 светильник встраив. без рефл. 2 цв. золото-хром-золото 38х106		182		http://svetonik.ru/upload/iblock/1e4/1e420f972b41112accbe8060f55dab52.png		GX53	10891	Золото-хром-золото	38x106	H4
			Двухцветные обычные GX53	Ecola GX53 H4 светильник встраив. без рефл. 2 цв. золото-серебро-золото 38х106		182		http://svetonik.ru/upload/iblock/95b/95b73ac7d7d4cd968ec0c33ff1f46c99.png		GX53	10903	Золото-серебро-золото 	38x106	H4
			Двухцветные обычные GX53	Ecola GX53 H4 светильник встраив. без рефл. 2 цв. золото-жемчуг-золото 38х106		182		http://svetonik.ru/upload/iblock/6da/6daff14750f398a79af882af8dffb239.png		GX53	10899	Золото-жемчуг-золото	38x106	H4
			Двухцветные обычные GX53	Ecola GX53 H4 светильник встраив. без рефл. 2 цв. жемчуг-черный хром-жемчуг 38х106		182		http://svetonik.ru/upload/iblock/4b1/4b1ebbb917c2a3a3959bcef6cd3c8a14.png		GX53	10897	Жемчуг-черный хром-жемчуг 	38x106	H4
			Двухцветные обычные GX53	Ecola GX53 H4 светильник встраив. без рефл. 2 цв. жемчуг-хром-жемчуг 38х106		182		http://svetonik.ru/upload/iblock/ba9/ba936214505aaa3eebe6adef4ff0aa9e.png		GX53	10893	Жемчуг-хром-жемчуг	38x106	H4
			Двухцветные обычные GX53	Ecola GX53 H4 светильник встраив. без рефл. 2 цв. жемчуг-серебро-жемчуг 38х106		182		http://svetonik.ru/upload/iblock/2a3/2a3e5911c55c762917c305141eba1559.png		GX53	10905	Жемчуг-серебро-жемчуг	38x106	H4
			Двухцветные обычные GX53	Ecola GX53 H4 светильник встраив. без рефл. 2 цв. жемчуг-золото-жемчуг 38х106		182		http://svetonik.ru/upload/iblock/003/003fa13e519aff5bf31befd4936301ce.png		GX53	10889	Жемчуг-золото-жемчуг	38x106	H4
			Двухцветные обычные GX53	Ecola GX53  светильник встраиваемый без рефлектора золото+хром 38x106		182		http://svetonik.ru/upload/iblock/170/170f46794d11745b3612b5e0edd9ea89.png		GX53	10698	Золото-хром	38x106	
			"Двухцветные ""Звезда"" GX53"	"Ecola GX53 H4 светильник встраив. без рефл. ""Звезда"" черный хром-серебро 38x116"		192		http://svetonik.ru/upload/iblock/b39/b39803ba97ebca7d536b50976ac09608.png			11759			
			"Двухцветные ""Звезда"" GX53"	"Ecola GX53 H4 светильник встраив. без рефл. ""Звезда"" черный хром-золото 38x116"		192		http://svetonik.ru/upload/iblock/c5b/c5be82826a165dc8b8cc138311968a59.png			11755			
			"Двухцветные ""Звезда"" GX53"	"Ecola GX53 H4 светильник встраив. без рефл. ""Звезда"" черный хром-жемчуг 38x116"		192		http://svetonik.ru/upload/iblock/afb/afb1714609af3fc1063d5e3e087f2aed.png			11751			
			"Двухцветные ""Звезда"" GX53"	"Ecola GX53 H4 светильник встраив. без рефл. ""Звезда"" хром-черный хром 38x116"		192		http://svetonik.ru/upload/iblock/26e/26ea652e52b0d65a2b802e0356ec2482.png			11767			
			"Двухцветные ""Звезда"" GX53"	"Ecola GX53 H4 светильник встраив. без рефл. ""Звезда"" хром-серебро 38x116"		192		http://svetonik.ru/upload/iblock/cda/cdab55fb48551aa76502f613ab70e3b9.png			11758			
			"Двухцветные ""Звезда"" GX53"	"Ecola GX53 H4 светильник встраив. без рефл. ""Звезда"" хром-золото 38x116"		192		http://svetonik.ru/upload/iblock/113/113f3f7d498ab24085abfaba233f1a7a.png			11754			
			"Двухцветные ""Звезда"" GX53"	"Ecola GX53 H4 светильник встраив. без рефл. ""Звезда"" хром-жемчуг 38x116"		192		http://svetonik.ru/upload/iblock/7b0/7b0181ee9ff8202d78e35dcc013492b2.png			11750			
			"Двухцветные ""Звезда"" GX53"	"Ecola GX53 H4 светильник встраив. без рефл. ""Звезда"" серебро-черный хром 38x116"		192		http://svetonik.ru/upload/iblock/650/6506a7040fe9bb536e58e9635fb1ea0d.png			11766			
			"Двухцветные ""Звезда"" GX53"	"Ecola GX53 H4 светильник встраив. без рефл. ""Звезда"" серебро-хром 38x116"		192		http://svetonik.ru/upload/iblock/97d/97d9e2f888f9c8d286b398dddf3f9b00.png			11762			
			"Двухцветные ""Звезда"" GX53"	"Ecola GX53 H4 светильник встраив. без рефл. ""Звезда"" серебро-золото 38x116"		192		http://svetonik.ru/upload/iblock/079/079691065609ea37fa01c09beaad5a33.png			11753			
			"Двухцветные ""Звезда"" GX53"	"Ecola GX53 H4 светильник встраив. без рефл. ""Звезда"" серебро-жемчуг 38x116"		192		http://svetonik.ru/upload/iblock/d56/d563a132d4ff7c5889e8e395822f8f10.png			11749			
			"Двухцветные ""Звезда"" GX53"	"Ecola GX53 H4 светильник встраив. без рефл. ""Звезда"" золото-черный хром 38x116"		192		http://svetonik.ru/upload/iblock/d44/d4411f027ddc3ec7f6457fc1b5debb06.png			11765			
			"Двухцветные ""Звезда"" GX53"	"Ecola GX53 H4 светильник встраив. без рефл. ""Звезда"" золото-хром 38x116"		192		http://svetonik.ru/upload/iblock/b28/b289c5eabc31c4911b82e6b875ee302f.png			11761			
			"Двухцветные ""Звезда"" GX53"	"Ecola GX53 H4 светильник встраив. без рефл. ""Звезда"" золото-серебро 38x116"		192		http://svetonik.ru/upload/iblock/37f/37f1f5b5aa0608f9c01b3af479e4db48.png			11757			
			"Двухцветные ""Звезда"" GX53"	"Ecola GX53 H4 светильник встраив. без рефл. ""Звезда"" золото-жемчуг 38x116"		192		http://svetonik.ru/upload/iblock/c9e/c9e52da991fb92fff01d7576551165c8.png			11748			
			"Двухцветные ""Звезда"" GX53"	"Ecola GX53 H4 светильник встраив. без рефл. ""Звезда"" жемчуг-черный хром 38x116"		192		http://svetonik.ru/upload/iblock/e92/e92494c536d35928c38f9a470c0f7291.png			11764			
			"Двухцветные ""Звезда"" GX53"	"Ecola GX53 H4 светильник встраив. без рефл. ""Звезда"" жемчуг-хром 38x116"		192		http://svetonik.ru/upload/iblock/e28/e28a18de1388209eb4083093c945664d.png			11760			
			"Двухцветные ""Звезда"" GX53"	"Ecola GX53 H4 светильник встраив. без рефл. ""Звезда"" жемчуг-серебро 38x116"		192		http://svetonik.ru/upload/iblock/6d9/6d9a65e7c9c6b1966dfc3d02079607c1.png			11756			
			"Двухцветные ""Звезда"" GX53"	"Ecola GX53 H4 светильник встраив. без рефл. ""Звезда"" жемчуг-золото 38x116"		192		http://svetonik.ru/upload/iblock/cb0/cb0425f7a0b11cf868aa147a5c62f6ab.png			11752			
			"Двухцветные ""Звезда"" GX53"	Ecola GX53 H4 DL3902 светильник встраив. без рефл.  Звезда под стеклом Фиолетовый блеск / хром 106х38 (к+)		150		http://svetonik.ru/upload/iblock/3db/3dbc95c76cf768559bf4d6fc8aa28c69.png	"Преимущества перед светильниками со встроенными светодиодами:- Возможность замены лампы. Когда в одном из светильников выйдут из строя диоды, 
	Вам придется искать точно такой же светильник, чтобы не нарушать дизайна, заниматься 
	демонтажом старого и монтажом нового. Значительно проще заменить стандартную лампу.

- Большая универсальность. Вы можете установить лампы любой нужной мощности и цветовой 
	температуры (или даже цветные), и в любой момент заменить их на другие.

- Более высокая надежность. Мы живем в век массового производства, а стандартные лампы 
	производятся в сотни раз большими тиражами, чем любые светильники.

- По этой же причине цена светильника со сменными лампами вполне соизмерима 
	(а подчас даже ниже), чем светильника со встроенными светодиодами.

	- Лампа в комплект не входит.
"	GX53	14082855	Фиолетовый блеск / Хром	106х38	DL3902
			"Двухцветные ""Звезда"" GX53"	Ecola GX53 H4 DL3902 светильник встраив. без рефл.  Звезда под стеклом Серебряный блеск / хром 106х38 (к+)		150		http://svetonik.ru/upload/iblock/9eb/9eb0653c73a25bbf3775835737369786.png	"Преимущества перед светильниками со встроенными светодиодами:- Возможность замены лампы. Когда в одном из светильников выйдут из строя диоды, 
	Вам придется искать точно такой же светильник, чтобы не нарушать дизайна, заниматься 
	демонтажом старого и монтажом нового. Значительно проще заменить стандартную лампу.

- Большая универсальность. Вы можете установить лампы любой нужной мощности и цветовой 
	температуры (или даже цветные), и в любой момент заменить их на другие.

- Более высокая надежность. Мы живем в век массового производства, а стандартные лампы 
	производятся в сотни раз большими тиражами, чем любые светильники.

- По этой же причине цена светильника со сменными лампами вполне соизмерима 
	(а подчас даже ниже), чем светильника со встроенными светодиодами.

	- Лампа в комплект не входит.
"	GX53	14082853	Серебряный блеск / Хром	106х38	DL3902
			"Двухцветные ""Звезда"" GX53"	Ecola GX53 H4 DL3902 светильник встраив. без рефл.  Звезда под стеклом Изумрудный блеск / хром 106х38 (к+)		150		http://svetonik.ru/upload/iblock/fe0/fe0890dd9ec0441428e51ab1bbd24f56.png	"Преимущества перед светильниками со встроенными светодиодами:- Возможность замены лампы. Когда в одном из светильников выйдут из строя диоды, 
	Вам придется искать точно такой же светильник, чтобы не нарушать дизайна, заниматься 
	демонтажом старого и монтажом нового. Значительно проще заменить стандартную лампу.

- Большая универсальность. Вы можете установить лампы любой нужной мощности и цветовой 
	температуры (или даже цветные), и в любой момент заменить их на другие.

- Более высокая надежность. Мы живем в век массового производства, а стандартные лампы 
	производятся в сотни раз большими тиражами, чем любые светильники.

- По этой же причине цена светильника со сменными лампами вполне соизмерима 
	(а подчас даже ниже), чем светильника со встроенными светодиодами.

	- Лампа в комплект не входит.
"	GX53	14082851	Изумрудный блеск / Хром	106х38	DL3902
			"Двухцветные ""Звезда"" GX53"	Ecola GX53 H4 DL3902 светильник встраив. без рефл.  Звезда под стеклом Золотой блеск / золото 106х38 (к+)		150		http://svetonik.ru/upload/iblock/fba/fba4e0b144972884286ffc81456c6459.png	"Преимущества перед светильниками со встроенными светодиодами:- Возможность замены лампы. Когда в одном из светильников выйдут из строя диоды, 
	Вам придется искать точно такой же светильник, чтобы не нарушать дизайна, заниматься 
	демонтажом старого и монтажом нового. Значительно проще заменить стандартную лампу.

- Большая универсальность. Вы можете установить лампы любой нужной мощности и цветовой 
	температуры (или даже цветные), и в любой момент заменить их на другие.

- Более высокая надежность. Мы живем в век массового производства, а стандартные лампы 
	производятся в сотни раз большими тиражами, чем любые светильники.

- По этой же причине цена светильника со сменными лампами вполне соизмерима 
	(а подчас даже ниже), чем светильника со встроенными светодиодами.

	- Лампа в комплект не входит.
"	GX53	14080202	Золотой блеск / Золото	106х38	DL3902
			"Двухцветные ""Звезда"" GX53"	Ecola GX53 H4 DL3902 светильник встраив. без рефл.  Звезда под стеклом Голубой блеск / хром 106х38 (к+)		150		http://svetonik.ru/upload/iblock/dd5/dd535532f1a254e2c5e9d44db91bd611.png	"Преимущества перед светильниками со встроенными светодиодами:- Возможность замены лампы. Когда в одном из светильников выйдут из строя диоды, 
	Вам придется искать точно такой же светильник, чтобы не нарушать дизайна, заниматься 
	демонтажом старого и монтажом нового. Значительно проще заменить стандартную лампу.

- Большая универсальность. Вы можете установить лампы любой нужной мощности и цветовой 
	температуры (или даже цветные), и в любой момент заменить их на другие.

- Более высокая надежность. Мы живем в век массового производства, а стандартные лампы 
	производятся в сотни раз большими тиражами, чем любые светильники.

- По этой же причине цена светильника со сменными лампами вполне соизмерима 
	(а подчас даже ниже), чем светильника со встроенными светодиодами.

	- Лампа в комплект не входит.
"	GX53	14080193	Голубой блеск / Хром	106х38	DL3902
			"Двухцветные ""Звезда"" GX53"	Ecola GX53 H4 DL3902 светильник встраив. без рефл.  Звезда под стеклом Белый блеск / хром 106х38 (к+)		150		http://svetonik.ru/upload/iblock/76a/76a2f75da23176901d21494024d2c86d.png	"Преимущества перед светильниками со встроенными светодиодами:- Возможность замены лампы. Когда в одном из светильников выйдут из строя диоды, 
	Вам придется искать точно такой же светильник, чтобы не нарушать дизайна, заниматься 
	демонтажом старого и монтажом нового. Значительно проще заменить стандартную лампу.

- Большая универсальность. Вы можете установить лампы любой нужной мощности и цветовой 
	температуры (или даже цветные), и в любой момент заменить их на другие.

- Более высокая надежность. Мы живем в век массового производства, а стандартные лампы 
	производятся в сотни раз большими тиражами, чем любые светильники.

- По этой же причине цена светильника со сменными лампами вполне соизмерима 
	(а подчас даже ниже), чем светильника со встроенными светодиодами.

	- Лампа в комплект не входит.
"	GX53	14080191	Белый блеск / Хром	106х38	DL3902
			"Двухцветные ""Волна"" GX53"	"Ecola GX53 H4 светильник встраив. без рефл. ""Волна"" черный хром-серебро 38x116"		192		http://svetonik.ru/upload/iblock/ae7/ae7d0519bb0f13a67a2e1b33f0840957.png			11779			
			"Двухцветные ""Волна"" GX53"	"Ecola GX53 H4 светильник встраив. без рефл. ""Волна"" черный хром-золото 38x116"		192		http://svetonik.ru/upload/iblock/4bb/4bb485725f0deee128a8a003290d6417.png			11775			
			"Двухцветные ""Волна"" GX53"	"Ecola GX53 H4 светильник встраив. без рефл. ""Волна"" черный хром-жемчуг 38x116"		192		http://svetonik.ru/upload/iblock/42d/42d7bad70f35b82147beead548fd9924.png			11771			
			"Двухцветные ""Волна"" GX53"	"Ecola GX53 H4 светильник встраив. без рефл. ""Волна"" хром-черный хром 38x116"		192		http://svetonik.ru/upload/iblock/e0f/e0fff0ead8d2992fe04e4150ca9294b5.png			11787			
			"Двухцветные ""Волна"" GX53"	"Ecola GX53 H4 светильник встраив. без рефл. ""Волна"" хром-серебро 38x116"		192		http://svetonik.ru/upload/iblock/148/1483ad1b3b674fd2280d6785bdb97839.png			11778			
			"Двухцветные ""Волна"" GX53"	"Ecola GX53 H4 светильник встраив. без рефл. ""Волна"" хром-золото 38x116"		192		http://svetonik.ru/upload/iblock/2e8/2e8bc65241bdb814e44024c2f5bf9afc.png			11774			
			"Двухцветные ""Волна"" GX53"	"Ecola GX53 H4 светильник встраив. без рефл. ""Волна"" хром-жемчуг 38x116"		192		http://svetonik.ru/upload/iblock/0e7/0e7c07f1000084141bfa6b9d2d39fd86.png			11770			
			"Двухцветные ""Волна"" GX53"	"Ecola GX53 H4 светильник встраив. без рефл. ""Волна"" серебро-черный хром 38x116"		192		http://svetonik.ru/upload/iblock/5d6/5d6eb264e77f4e9ce741e2b2a0a2381b.png			11786			
			"Двухцветные ""Волна"" GX53"	"Ecola GX53 H4 светильник встраив. без рефл. ""Волна"" серебро-хром 38x116"		192		http://svetonik.ru/upload/iblock/001/001e18d6ecdda65bbc3239c994e434fb.png			11782			
			"Двухцветные ""Волна"" GX53"	"Ecola GX53 H4 светильник встраив. без рефл. ""Волна"" серебро-золото 38x116"		192		http://svetonik.ru/upload/iblock/859/859bb2dc167667ebe14d0fb9e5f85ca4.png			11773			
			"Двухцветные ""Волна"" GX53"	"Ecola GX53 H4 светильник встраив. без рефл. ""Волна"" серебро-жемчуг 38x116"		192		http://svetonik.ru/upload/iblock/962/9620c68ab2ca1eba53fa752906d8d13a.png			11769			
			"Двухцветные ""Волна"" GX53"	"Ecola GX53 H4 светильник встраив. без рефл. ""Волна"" золото-черный хром 38x116"		192		http://svetonik.ru/upload/iblock/7c3/7c3205d09c541ba38a429a70c7f163a3.png			11785			
			"Двухцветные ""Волна"" GX53"	"Ecola GX53 H4 светильник встраив. без рефл. ""Волна"" золото-хром 38x116"		192		http://svetonik.ru/upload/iblock/b52/b5229dd076fc3fc5672b0c9259ace150.png			11781			
			"Двухцветные ""Волна"" GX53"	"Ecola GX53 H4 светильник встраив. без рефл. ""Волна"" золото-серебро 38x116"		192		http://svetonik.ru/upload/iblock/a21/a21fbaf31a5480fa084e1f23e331501f.png			11777			
			"Двухцветные ""Волна"" GX53"	"Ecola GX53 H4 светильник встраив. без рефл. ""Волна"" золото-жемчуг 38x116"		192		http://svetonik.ru/upload/iblock/0c9/0c9ab0715086bb5d84987c89c2651264.png			11768			
			"Двухцветные ""Волна"" GX53"	"Ecola GX53 H4 светильник встраив. без рефл. ""Волна"" жемчуг-черный хром 38x116"		192		http://svetonik.ru/upload/iblock/499/4996970c4c59792d80a57acb5848adb4.png			11784			
			"Двухцветные ""Волна"" GX53"	"Ecola GX53 H4 светильник встраив. без рефл. ""Волна"" жемчуг-хром 38x116"		192		http://svetonik.ru/upload/iblock/22d/22d156ac64bde1e9ca216c32fd02af96.png			11780			
			"Двухцветные ""Волна"" GX53"	"Ecola GX53 H4 светильник встраив. без рефл. ""Волна"" жемчуг-серебро 38x116"		192		http://svetonik.ru/upload/iblock/507/5073c6e180d8f88ce3ec8ee927803f60.png			11776			
			"Двухцветные ""Волна"" GX53"	"Ecola GX53 H4 светильник встраив. без рефл. ""Волна"" жемчуг-золото 38x116"		192		http://svetonik.ru/upload/iblock/7b7/7b770a9cb0622c3b1092582babe95821.png			11772			
			Светильники GX53 стекло	Ecola GX53 H4 Glass Стекло Круг хром - изумруд  38x126		224		http://svetonik.ru/upload/iblock/c4d/c4d667151326289d3b559d44a59753f3.png		11613	Хром-изумруд			
			Светильники GX53 стекло	Ecola GX53 H4 Glass Стекло Круг с вогнутыми гранями черненая медь - янтарь 38x126		266		http://svetonik.ru/upload/iblock/078/0782ad93f90ad5dee85c42c9792690ee.png		GX53	11553	Черненая медь - янтарь	38х126	H4
			Светильники GX53 стекло	Ecola GX53 H4 Glass Стекло Круг с вогнутыми гранями хром - хром на черном 38x126		273		http://svetonik.ru/upload/iblock/340/3409a6d66c2c1f6105e7e2018af9ea47.png		GX53	11556	Хром - хром на черном	38х126	H4
			Светильники GX53 стекло	Ecola GX53 H4 Glass Стекло Круг с вогнутыми гранями хром - хром (зеркальный) 38x126		266		http://svetonik.ru/upload/iblock/2ce/2ce1fa5b231ce15c8c830718271d1607.png		GX53	11562	Хром - хром (зеркальный)	38х126	H4
			Светильники GX53 стекло	Ecola GX53 H4 Glass Стекло Круг с вогнутыми гранями хром - серебряный блеск 38x126		266		http://svetonik.ru/upload/iblock/12a/12a2ee734ad3a9839c39b93d5bbd9075.png	Ecola GX53 H4 Glass Стекло Круг с вогнутыми гранями хром - серебряный блеск 38x126	GX53	8076882	Хром - серебряный блеск	38х126	H4
			Светильники GX53 стекло	Ecola GX53 H4 Glass Стекло Круг с вогнутыми гранями хром - изумруд  38x126		273		http://svetonik.ru/upload/iblock/bed/bed345b55aa17fdec2a0e948638bcf26.png			11614	Хром-изумруд		
			Светильники GX53 стекло	Ecola GX53 H4 Glass Стекло Круг с вогнутыми гранями золото - золотой блеск 38x126		252		http://svetonik.ru/upload/iblock/cc8/cc8f1a49cfd4c1d024e9c56935d7a79b.png	Ecola GX53 H4 Glass Стекло Круг с вогнутыми гранями золото - золотой блеск 38x126	GX53	8076888	Золото - золотой блеск	38х126	H4
			Светильники GX53 стекло	Ecola GX53 H4 Glass Стекло Круг с вогнутыми гранями золото - золото на белом 38x126		273		http://svetonik.ru/upload/iblock/caa/caa5c76a56a82a12ebd426698ee9f313.png		GX53	11559	Золото - Золото на белом	38х126	H4
			Светильники GX53 стекло	Ecola GX53 H4 Glass Стекло Круг  хром - хром на черном 38x126		220		http://svetonik.ru/upload/iblock/e51/e517bce00115c6bfe02587fb60a33f27.png		GX53	11557	Хром - хром на черном	38х126	H4
			Светильники GX53 стекло	Ecola GX53 H4 Glass Стекло Круг  хром - хром (зеркальный) 38x126		224		http://svetonik.ru/upload/iblock/8c4/8c4417853cedcdf6d6915a534bcb2e96.png		GX53	11563	Хром - хром (зеркальный)	38х126	H4
			Светильники GX53 стекло	Ecola GX53 H4 Glass Стекло Круг  хром - серебряный блеск 38x126		224		http://svetonik.ru/upload/iblock/965/9655ec242ffe1633bc0ee22c7eeadd87.png	Ecola GX53 H4 Glass Стекло Круг  хром - серебряный блеск 38x126	GX53	8076872	Хром - серебряный блеск	38х126	H4
			Светильники GX53 стекло	Ecola GX53 H4 Glass Стекло Круг  золото - золотой блеск 38x126		220		http://svetonik.ru/upload/iblock/0ce/0ceb5604c85e0d2508f82296dd6a4a01.png	Ecola GX53 H4 Glass Стекло Круг  золото - золотой блеск 38x126	GX53	8076880	Золото - золотой блеск	38х126	H4
			Светильники GX53 стекло	Ecola GX53 H4 Glass Стекло Круг  золото - золото на белом 38x126		235		http://svetonik.ru/upload/iblock/153/153aada996232a4db6ce0b59b94515fd.png		GX53	11560	Золото - Золото на белом	38х126	H4
			Светильники GX53 стекло	Ecola GX53 H4 Glass Стекло Квадрат скошенный край Черный хром - черный 38x120x120 (к+)		238		http://svetonik.ru/upload/iblock/71b/71b55781832de6a015cbf1232e0967ed.png	Ecola GX53 H4 Glass Стекло Квадрат скошенный край Черный хром - черный 38x120x120 (к+)	GX53	10328040	Черный хром - черный	120x120x38	H4
			Светильники GX53 стекло	Ecola GX53 H4 Glass Стекло Квадрат скошенный край Черный хром - хром на черном 38x120x120 (к+)		231		http://svetonik.ru/upload/iblock/760/7606715a7133b4905b964060e5980cbf.png	Ecola GX53 H4 Glass Стекло Квадрат скошенный край Черный хром - хром на черном 38x123x123 (к+)	GX53	10328082	Черный хром - хром на черном	120x120x38	H4
			Светильники GX53 стекло	Ecola GX53 H4 Glass Стекло Квадрат скошенный край Черненая медь - янтарь 38x120x120 (к+)		238		http://svetonik.ru/upload/iblock/1e6/1e6ea24581c07817e1ad9e7d627f2aac.png	Ecola GX53 H4 Glass Стекло Квадрат скошенный край Черненая медь - янтарь 38x120x120 (к+)	GX53	10328038	Черненая медь - янтарь	120x120x38	H4
			Светильники GX53 стекло	Ecola GX53 H4 Glass Стекло Квадрат скошенный край Хром - хром (зеркальный) 38x120x120 (к+)		217		http://svetonik.ru/upload/iblock/bc6/bc6424a125c9760c4dfcc41298b9257f.png	Ecola GX53 H4 Glass Стекло Квадрат скошенный край Хром - хром (зеркальный) 38x120x120 (к+)	GX53	10328036	Хром - хром (зеркальный)	120x120x38	H4
			Светильники GX53 стекло	Ecola GX53 H4 Glass Стекло Квадрат скошенный край Хром - серебряный блеск 38x120x120 (к+)		238		http://svetonik.ru/upload/iblock/9c8/9c867ad3771583e63ab7129c49780e74.png	Ecola GX53 H4 Glass Стекло Квадрат скошенный край Хром - серебряный блеск 38x123x123 (к+)	GX53	10328080	Хром - серебряный блеск	120x120x38	H4
			Светильники GX53 стекло	Ecola GX53 H4 Glass Стекло Квадрат скошенный край Хром - изумруд 38x120x120 (к+)		227		http://svetonik.ru/upload/iblock/8c9/8c910be36104d595ceada1a70dc4b267.png	Ecola GX53 H4 Glass Стекло Квадрат скошенный край Хром - изумруд 38x120x120 (к+)	GX53	10328034	Хром-изумруд	120x120x38	H4
			Светильники GX53 стекло	Ecola GX53 H4 Glass Стекло Квадрат скошенный край Золото - золотой блеск 38x120x120 (к+)		210		http://svetonik.ru/upload/iblock/536/5360f3c58bbec59868e48fc24d3a2f49.png	Ecola GX53 H4 Glass Стекло Квадрат скошенный край Золото - золотой блеск 38x123x123 (к+)	GX53	10328078	Золото - золотой блеск	120x120x38	H4
			Светильники GX53 стекло	Ecola GX53 H4 Glass Стекло Квадрат скошенный край Золото - золото на белом 38x120x120 (к+)		245		http://svetonik.ru/upload/iblock/a68/a682faec36898f9a7d2977888c3abd00.png	Ecola GX53 H4 Glass Стекло Квадрат скошенный край Золото - золото на белом 38x123x123 (к+)	GX53	10328076	Золото - Золото на белом	120x120x38	H4
			Светильники GX53 стекло	Ecola GX53 H4 Glass Стекло 8-угольник с прямыми гранями черненая медь - янтарь 38x133		252		http://svetonik.ru/upload/iblock/90a/90a2de9307d096ad2eb013909d964c33.png		GX53	11552	Черненая медь - янтарь	38х133	H4
			Светильники GX53 стекло	Ecola GX53 H4 Glass Стекло 8-угольник с прямыми гранями хром - хром на черном 38x133		252		http://svetonik.ru/upload/iblock/a6f/a6f1bdfec0a70aa29572e6741ef65cd9.png		GX53	11555	Хром - хром на черном	38х133	H4
			Светильники GX53 стекло	Ecola GX53 H4 Glass Стекло 8-угольник с прямыми гранями хром - хром (зеркальный) 38x133		280		http://svetonik.ru/upload/iblock/513/513ff48ca873c89edf816c62ed6b66a6.png		GX53	11561	Хром - хром (зеркальный)	38х133	H4
			Светильники GX53 стекло	Ecola GX53 H4 Glass Стекло 8-угольник с прямыми гранями хром - изумруд  38x133		245		http://svetonik.ru/upload/iblock/915/915ecd0270d9f1621853d68b69f7ac41.png			11612	Хром-изумруд	H4	
			Светильники GX53 стекло	Ecola GX53 H4 Glass Стекло 8-угольник с прямыми гранями золото - золото на белом 38x133		266		http://svetonik.ru/upload/iblock/2c3/2c3becb0b9bf2f4437b2961ca8450c39.png		GX53	11558	Золото - Золото на белом	38х133	H4
			Светильники GX53 стекло	Ecola GX53 H4 Glass Стекло 8-угольник с прямыми гранями  хром - серебряный блеск 38x133		273		http://svetonik.ru/upload/iblock/0ea/0ea445a55b6de681f72bf5b15545f626.png	Ecola GX53 H4 Glass Стекло 8-угольник с прямыми гранями  хром - серебряный блеск 38x133		8076898	Хром - серебряный блеск	38х133	H4
			Светильники GX53 стекло	Ecola GX53 H4 Glass Стекло 8-угольник с прямыми гранями   золото - золотой блеск 38x133		253		http://svetonik.ru/upload/iblock/9ba/9ba9361bb8de698239c8c3a9fa2de2f8.png	Ecola GX53 H4 Glass Стекло 8-угольник с прямыми гранями   золото - золотой блеск 38x133	GX53	8076914	Золото - золотой блеск	38х133	H4
			Светильники GX53 стекло	Ecola GX53 H4 Glass Круглый с хрусталиками прозрачный и янтарь/ хром 56x120		301		http://svetonik.ru/upload/iblock/992/992dc460fbe369196a217b54588ae551.png		GX53	11973	Хром	56х120	H4
			Светильники GX53 стекло	Ecola GX53 H4 Glass Круглый с хрусталиками прозрачный и янтарь/ золото 56x120		315		http://svetonik.ru/upload/iblock/379/37937cebdc2697acdf629e8c7006578c.png		GX53	11972	Золото	56х120	H4
			Светильники GX53 стекло	Ecola GX53 H4 Glass Круглый с хрусталиками прозрачный и черный/ хром 56x120		315		http://svetonik.ru/upload/iblock/412/412d9e11426f03fd080f1b034f0f3bf2.png		GX53	11971	Хром	56х120	H4
			Светильники GX53 стекло	Ecola GX53 H4 Glass Круглый с хрусталиками прозрачный и черный/ золото 56x120		301		http://svetonik.ru/upload/iblock/d2b/d2bd692fc42490fa53b2492e7846db75.png		GX53	11970	Золото	56х120	H4
			Светильники GX53 стекло	Ecola GX53 H4 Glass Круглый с хрусталиками прозрачный и рубин/ золото 56x120		301		http://svetonik.ru/upload/iblock/2eb/2eb248a62920faa7bbc917edd75a91ac.png		GX53	11969	Хром	56х120	H4
			Светильники GX53 с подвесными хрусталиками	Ecola GX53 H4 Glass Круглый с большими хрусталиками на прямом подвесе Тонированный/Хром 90x110		441		http://svetonik.ru/upload/iblock/917/917a8641176c0a3ddcf84eb4067c698a.png	Ecola GX53 H4 Glass Круглый с большими хрусталиками на прямом подвесе Тонированный/Хром 90x110	GX53	9068045	Тонированный /Хром	90x110	
			Светильники GX53 с подвесными хрусталиками	Ecola GX53 H4 Glass Круглый с большими хрусталиками на прямом подвесе Тонированный/Золото 90x110		441		http://svetonik.ru/upload/iblock/094/09409277f57713de076acd4c9340a4eb.png	Ecola GX53 H4 Glass Круглый с большими хрусталиками на прямом подвесе Тонированный/Золото 90x110	GX53	9068065	Тонированный /Золото	90x110	
			Светильники GX53 с подвесными хрусталиками	Ecola GX53 H4 Glass Круглый с большими хрусталиками на прямом подвесе  Прозрачный /Хром 90x110		392		http://svetonik.ru/upload/iblock/b0d/b0da3360c81428e14c51b92fafc6cf84.png	Ecola GX53 H4 Glass Круглый с большими хрусталиками на прямом подвесе  Прозрачный /Хром 90x110	GX53	9068007	Прозрачный /Хром	90x110	
			Светильники GX53 с подвесными хрусталиками	"Ecola GX53 H4 Glass Круглый с большими хрусталиками на подвесе ""под скос"" Тонированный /Хром 225x110"		532		http://svetonik.ru/upload/iblock/58e/58eeca5b5ccdd5747f93fe889d75dc74.png	"Ecola GX53 H4 Glass Круглый с большими хрусталиками на подвесе ""под скос"" Тонированный /Хром 225x110"	GX53	9068090	Тонированный /Хром	225x110	
			Светильники GX53 с подвесными хрусталиками	"Ecola GX53 H4 Glass Круглый с большими хрусталиками на подвесе ""под скос"" Тонированный /Золото 225x110"		532		http://svetonik.ru/upload/iblock/0bf/0bf298e898b499bd3bbcce5b359684af.png	"Ecola GX53 H4 Glass Круглый с большими хрусталиками на подвесе ""под скос"" Тонированный /Золото 225x110"	GX53	9068104	Тонированный /Золото	225x110	
			Светильники GX53 с подвесными хрусталиками	"Ecola GX53 H4 Glass Круглый с большими хрусталиками на подвесе ""под скос"" Прозрачный /Хром 225x110"		532		http://svetonik.ru/upload/iblock/76a/76adfec8547fb1ea9667accddf51e113.png	"Ecola GX53 H4 Glass Круглый с большими хрусталиками на подвесе ""под скос"" Прозрачный /Хром 225x110"	GX53	9068079	Прозрачный /Хром	225x110	
			Светильники GX53 с подвесными хрусталиками	"Ecola GX53 H4 5358 Glass Квадрат ""Хрустальная гроздь"" Тонированный / Золото 150x110x110 (к+)"		476		http://svetonik.ru/upload/iblock/9aa/9aa6c7670e3132fe1a969aaf5f1088a1.png	"Преимущества перед светильниками со встроенными светодиодами:- Возможность замены лампы. Когда в одном из светильников выйдут из строя диоды, 
	Вам придется искать точно такой же светильник, чтобы не нарушать дизайна, заниматься 
	демонтажом старого и монтажом нового. Значительно проще заменить стандартную лампу.

- Большая универсальность. Вы можете установить лампы любой нужной мощности и цветовой 
	температуры (или даже цветные), и в любой момент заменить их на другие.

- Более высокая надежность. Мы живем в век массового производства, а стандартные лампы 
	производятся в сотни раз большими тиражами, чем любые светильники.

- По этой же причине цена светильника со сменными лампами вполне соизмерима 
	(а подчас даже ниже), чем светильника со встроенными светодиодами.

	- Лампа в комплект не входит.
"	GX53	14986155	Тонированный /Золото	150x110x110	5358
			Светильники GX53 с подвесными хрусталиками	"Ecola GX53 H4 5358 Glass Квадрат ""Хрустальная гроздь"" Прозрачный / Хром 150x110x110 (к+)"		469		http://svetonik.ru/upload/iblock/08d/08de807db1522b18b8ff0631ea579d04.png	"Преимущества перед светильниками со встроенными светодиодами:- Возможность замены лампы. Когда в одном из светильников выйдут из строя диоды, 
	Вам придется искать точно такой же светильник, чтобы не нарушать дизайна, заниматься 
	демонтажом старого и монтажом нового. Значительно проще заменить стандартную лампу.

- Большая универсальность. Вы можете установить лампы любой нужной мощности и цветовой 
	температуры (или даже цветные), и в любой момент заменить их на другие.

- Более высокая надежность. Мы живем в век массового производства, а стандартные лампы 
	производятся в сотни раз большими тиражами, чем любые светильники.

- По этой же причине цена светильника со сменными лампами вполне соизмерима 
	(а подчас даже ниже), чем светильника со встроенными светодиодами.

	- Лампа в комплект не входит.
"	GX53	14986153	Прозрачный /Хром	150x110x110	5358
			Светильники GX53 с подвесными хрусталиками	"Ecola GX53 H4 5354 Glass Круг ""Хрустальная нить"" Прозрачный и Черный / Хром 330x105 (к+)"		777		http://svetonik.ru/upload/iblock/aa6/aa6a11ebe96def5805fa98b091c9eec6.png	"Преимущества перед светильниками со встроенными светодиодами:- Возможность замены лампы. Когда в одном из светильников выйдут из строя диоды, 
	Вам придется искать точно такой же светильник, чтобы не нарушать дизайна, заниматься 
	демонтажом старого и монтажом нового. Значительно проще заменить стандартную лампу.

- Большая универсальность. Вы можете установить лампы любой нужной мощности и цветовой 
	температуры (или даже цветные), и в любой момент заменить их на другие.

- Более высокая надежность. Мы живем в век массового производства, а стандартные лампы 
	производятся в сотни раз большими тиражами, чем любые светильники.

- По этой же причине цена светильника со сменными лампами вполне соизмерима 
	(а подчас даже ниже), чем светильника со встроенными светодиодами.

	- Лампа в комплект не входит.
"	GX53	14984861	Прозрачный и Черный / Хром	330x105	5354
			Светильники GX53 с подвесными хрусталиками	"Ecola GX53 H4 5354 Glass Круг ""Хрустальная нить"" Прозрачный / Хром 330x105 (к+)"		672		http://svetonik.ru/upload/iblock/31e/31efcc0a54e729ada68f3fd174197477.png	"Преимущества перед светильниками со встроенными светодиодами:- Возможность замены лампы. Когда в одном из светильников выйдут из строя диоды, 
	Вам придется искать точно такой же светильник, чтобы не нарушать дизайна, заниматься 
	демонтажом старого и монтажом нового. Значительно проще заменить стандартную лампу.

- Большая универсальность. Вы можете установить лампы любой нужной мощности и цветовой 
	температуры (или даже цветные), и в любой момент заменить их на другие.

- Более высокая надежность. Мы живем в век массового производства, а стандартные лампы 
	производятся в сотни раз большими тиражами, чем любые светильники.

- По этой же причине цена светильника со сменными лампами вполне соизмерима 
	(а подчас даже ниже), чем светильника со встроенными светодиодами.

	- Лампа в комплект не входит.
"	GX53	14984649	Прозрачный /Хром	330x105	5354
			Светильники GX53 с подвесными хрусталиками	Ecola GX53 H4 5350 Glass Круг с каплевидными хруст. на прямом подвесе Тонированный / Хром 102x105 (к+)		427		http://svetonik.ru/upload/iblock/f60/f600acf15836b2504ac0b541e7d60edf.png	"Преимущества перед светильниками со встроенными светодиодами:- Возможность замены лампы. Когда в одном из светильников выйдут из строя диоды, 
	Вам придется искать точно такой же светильник, чтобы не нарушать дизайна, заниматься 
	демонтажом старого и монтажом нового. Значительно проще заменить стандартную лампу.

- Большая универсальность. Вы можете установить лампы любой нужной мощности и цветовой 
	температуры (или даже цветные), и в любой момент заменить их на другие.

- Более высокая надежность. Мы живем в век массового производства, а стандартные лампы 
	производятся в сотни раз большими тиражами, чем любые светильники.

- По этой же причине цена светильника со сменными лампами вполне соизмерима 
	(а подчас даже ниже), чем светильника со встроенными светодиодами.

	- Лампа в комплект не входит.
"	GX53	14984641	Тонированный /Хром	102x105	5350
			Светильники GX53 с подвесными хрусталиками	Ecola GX53 H4 5350 Glass Круг с каплевидными хруст. на прямом подвесе Тонированный / Золото 102x105 (к+)		427		http://svetonik.ru/upload/iblock/b53/b533d1dc8ed5a6e0f5e4919561f56c7c.png	"Преимущества перед светильниками со встроенными светодиодами:- Возможность замены лампы. Когда в одном из светильников выйдут из строя диоды, 
	Вам придется искать точно такой же светильник, чтобы не нарушать дизайна, заниматься 
	демонтажом старого и монтажом нового. Значительно проще заменить стандартную лампу.

- Большая универсальность. Вы можете установить лампы любой нужной мощности и цветовой 
	температуры (или даже цветные), и в любой момент заменить их на другие.

- Более высокая надежность. Мы живем в век массового производства, а стандартные лампы 
	производятся в сотни раз большими тиражами, чем любые светильники.

- По этой же причине цена светильника со сменными лампами вполне соизмерима 
	(а подчас даже ниже), чем светильника со встроенными светодиодами.

	- Лампа в комплект не входит.
"	GX53	14984638	Тонированный /Золото	102x105	5350
			Светильники GX53 с подвесными хрусталиками	Ecola GX53 H4 5350 Glass Круг с каплевидными хруст. на прямом подвесе Прозрачный / Хром 102x105 (к+)		399		http://svetonik.ru/upload/iblock/33f/33ffbae0b46b02aec125d7d19added29.png	"Преимущества перед светильниками со встроенными светодиодами:- Возможность замены лампы. Когда в одном из светильников выйдут из строя диоды, 
	Вам придется искать точно такой же светильник, чтобы не нарушать дизайна, заниматься 
	демонтажом старого и монтажом нового. Значительно проще заменить стандартную лампу.

- Большая универсальность. Вы можете установить лампы любой нужной мощности и цветовой 
	температуры (или даже цветные), и в любой момент заменить их на другие.

- Более высокая надежность. Мы живем в век массового производства, а стандартные лампы 
	производятся в сотни раз большими тиражами, чем любые светильники.

- По этой же причине цена светильника со сменными лампами вполне соизмерима 
	(а подчас даже ниже), чем светильника со встроенными светодиодами.

	- Лампа в комплект не входит.
"	GX53	14984632	Прозрачный /Хром	102x105	5350
			Светильники GX53 с подвесными хрусталиками	Ecola GX53 H4 5350 Glass Круг с каплевидными хруст. на прямом подвесе Прозрачный / Золото 102x105 (к+)		392		http://svetonik.ru/upload/iblock/6ab/6ab1ec20a3a9379b524c36f1ad6f1730.png	"Преимущества перед светильниками со встроенными светодиодами:- Возможность замены лампы. Когда в одном из светильников выйдут из строя диоды, 
	Вам придется искать точно такой же светильник, чтобы не нарушать дизайна, заниматься 
	демонтажом старого и монтажом нового. Значительно проще заменить стандартную лампу.

- Большая универсальность. Вы можете установить лампы любой нужной мощности и цветовой 
	температуры (или даже цветные), и в любой момент заменить их на другие.

- Более высокая надежность. Мы живем в век массового производства, а стандартные лампы 
	производятся в сотни раз большими тиражами, чем любые светильники.

- По этой же причине цена светильника со сменными лампами вполне соизмерима 
	(а подчас даже ниже), чем светильника со встроенными светодиодами.

	- Лампа в комплект не входит.
"	GX53	14984630	Прозрачный /Золото	102x105	5350
			Светильники GX53 с подвесными хрусталиками	Ecola GX53 H4 5346 Glass Круглый с большими хрусталиками на прямом подвесе  Прозрачный /Золото 90x110 (к+)		406		http://svetonik.ru/upload/iblock/171/17116dc2f3de291f42cbf604f9c5e8b3.png	"Преимущества перед светильниками со встроенными светодиодами:- Возможность замены лампы. Когда в одном из светильников выйдут из строя диоды, 
	Вам придется искать точно такой же светильник, чтобы не нарушать дизайна, заниматься 
	демонтажом старого и монтажом нового. Значительно проще заменить стандартную лампу.

- Большая универсальность. Вы можете установить лампы любой нужной мощности и цветовой 
	температуры (или даже цветные), и в любой момент заменить их на другие.

- Более высокая надежность. Мы живем в век массового производства, а стандартные лампы 
	производятся в сотни раз большими тиражами, чем любые светильники.

- По этой же причине цена светильника со сменными лампами вполне соизмерима 
	(а подчас даже ниже), чем светильника со встроенными светодиодами.

	- Лампа в комплект не входит.
"	GX53	11963619	Прозрачный/Золото	90x110	5346
			Светильники GX53 с подвесными хрусталиками	Ecola GX53 H4 5346 Glass Круглый с большими хрусталиками на прямом подвесе  Матовый /Хром 90x110 (к+)		406		http://svetonik.ru/upload/iblock/db4/db4f879d0b2af847f359eca1e5ce85cf.png	"Преимущества перед светильниками со встроенными светодиодами:- Возможность замены лампы. Когда в одном из светильников выйдут из строя диоды, 
	Вам придется искать точно такой же светильник, чтобы не нарушать дизайна, заниматься 
	демонтажом старого и монтажом нового. Значительно проще заменить стандартную лампу.

- Большая универсальность. Вы можете установить лампы любой нужной мощности и цветовой 
	температуры (или даже цветные), и в любой момент заменить их на другие.

- Более высокая надежность. Мы живем в век массового производства, а стандартные лампы 
	производятся в сотни раз большими тиражами, чем любые светильники.

- По этой же причине цена светильника со сменными лампами вполне соизмерима 
	(а подчас даже ниже), чем светильника со встроенными светодиодами.

	- Лампа в комплект не входит.
"	GX53	18992340	Матовый / Хром	90x110	5346
			Светильники GX53 с подвесными хрусталиками	"Ecola GX53 H4 5344 Glass Круглый с большими хрусталиками на подвесе ""под скос"" Прозрачный /Золото 225x110 (к+)"		532		http://svetonik.ru/upload/iblock/6a6/6a649b0ba213ede96ace7e496355a0c8.png	"Преимущества перед светильниками со встроенными светодиодами:- Возможность замены лампы. Когда в одном из светильников выйдут из строя диоды, 
	Вам придется искать точно такой же светильник, чтобы не нарушать дизайна, заниматься 
	демонтажом старого и монтажом нового. Значительно проще заменить стандартную лампу.

- Большая универсальность. Вы можете установить лампы любой нужной мощности и цветовой 
	температуры (или даже цветные), и в любой момент заменить их на другие.

- Более высокая надежность. Мы живем в век массового производства, а стандартные лампы 
	производятся в сотни раз большими тиражами, чем любые светильники.

- По этой же причине цена светильника со сменными лампами вполне соизмерима 
	(а подчас даже ниже), чем светильника со встроенными светодиодами.

	- Лампа в комплект не входит.
"	GX53	11963606	Прозрачный/Золото	225x110	5344
			Светильники GX53 с подвесными хрусталиками	"Ecola GX53 H4 5344 Glass Круглый с большими хрусталиками на подвесе ""под скос"" Матовый /Хром 225x110 (к+)"		497		http://svetonik.ru/upload/iblock/757/7579a0c053aad2b271758e13f269b115.png	"Преимущества перед светильниками со встроенными светодиодами:- Возможность замены лампы. Когда в одном из светильников выйдут из строя диоды, 
	Вам придется искать точно такой же светильник, чтобы не нарушать дизайна, заниматься 
	демонтажом старого и монтажом нового. Значительно проще заменить стандартную лампу.

- Большая универсальность. Вы можете установить лампы любой нужной мощности и цветовой 
	температуры (или даже цветные), и в любой момент заменить их на другие.

- Более высокая надежность. Мы живем в век массового производства, а стандартные лампы 
	производятся в сотни раз большими тиражами, чем любые светильники.

- По этой же причине цена светильника со сменными лампами вполне соизмерима 
	(а подчас даже ниже), чем светильника со встроенными светодиодами.

	- Лампа в комплект не входит.
"	GX53	18992329	Матовый / Хром	225x110	5344
			Светильники GX53 с подвесными хрусталиками	"Ecola GX53 H4 5343 Glass Круг с продолговатыми хруст. на подвесе ""под скос"" Тонированный / Хром 240x110"		441		http://svetonik.ru/upload/iblock/736/73662c2b10e2bffe0daae1acc6315f3c.png	"Преимущества перед светильниками со встроенными светодиодами:- Возможность замены лампы. Когда в одном из светильников выйдут из строя диоды, 
	Вам придется искать точно такой же светильник, чтобы не нарушать дизайна, заниматься 
	демонтажом старого и монтажом нового. Значительно проще заменить стандартную лампу.

- Большая универсальность. Вы можете установить лампы любой нужной мощности и цветовой 
	температуры (или даже цветные), и в любой момент заменить их на другие.

- Более высокая надежность. Мы живем в век массового производства, а стандартные лампы 
	производятся в сотни раз большими тиражами, чем любые светильники.

- По этой же причине цена светильника со сменными лампами вполне соизмерима 
	(а подчас даже ниже), чем светильника со встроенными светодиодами.

	- Лампа в комплект не входит.
"	GX53	14984628	Тонированный /Хром	240x110	5343
			Светильники GX53 с подвесными хрусталиками	"Ecola GX53 H4 5343 Glass Круг с продолговатыми хруст. на подвесе ""под скос"" Тонированный / Золото 240x110 (к+)"		420		http://svetonik.ru/upload/iblock/c25/c25fa3a4a4cb98f0d8cdaf337dfa32a3.png	"Преимущества перед светильниками со встроенными светодиодами:- Возможность замены лампы. Когда в одном из светильников выйдут из строя диоды, 
	Вам придется искать точно такой же светильник, чтобы не нарушать дизайна, заниматься 
	демонтажом старого и монтажом нового. Значительно проще заменить стандартную лампу.

- Большая универсальность. Вы можете установить лампы любой нужной мощности и цветовой 
	температуры (или даже цветные), и в любой момент заменить их на другие.

- Более высокая надежность. Мы живем в век массового производства, а стандартные лампы 
	производятся в сотни раз большими тиражами, чем любые светильники.

- По этой же причине цена светильника со сменными лампами вполне соизмерима 
	(а подчас даже ниже), чем светильника со встроенными светодиодами.

	- Лампа в комплект не входит.
"	GX53	14984568	Тонированный /Золото	240x110	5343
			Светильники GX53 с подвесными хрусталиками	"Ecola GX53 H4 5343 Glass Круг с продолговатыми хруст. на подвесе ""под скос"" Прозрачный / Хром 240x110 (к+)"		413		http://svetonik.ru/upload/iblock/e34/e344ea1a81ead88329ed33ee0bd274bc.png	"Преимущества перед светильниками со встроенными светодиодами:- Возможность замены лампы. Когда в одном из светильников выйдут из строя диоды, 
	Вам придется искать точно такой же светильник, чтобы не нарушать дизайна, заниматься 
	демонтажом старого и монтажом нового. Значительно проще заменить стандартную лампу.

- Большая универсальность. Вы можете установить лампы любой нужной мощности и цветовой 
	температуры (или даже цветные), и в любой момент заменить их на другие.

- Более высокая надежность. Мы живем в век массового производства, а стандартные лампы 
	производятся в сотни раз большими тиражами, чем любые светильники.

- По этой же причине цена светильника со сменными лампами вполне соизмерима 
	(а подчас даже ниже), чем светильника со встроенными светодиодами.

	- Лампа в комплект не входит.
"	GX53	14984565	Прозрачный /Хром	240x110	5343
			Светильники GX53 с подвесными хрусталиками	"Ecola GX53 H4 5343 Glass Круг с продолговатыми хруст. на подвесе ""под скос"" Прозрачный / Золото 240x110 (к+)"		413		http://svetonik.ru/upload/iblock/da9/da9181201473585e0457ad7c308d58a3.png	"Преимущества перед светильниками со встроенными светодиодами:- Возможность замены лампы. Когда в одном из светильников выйдут из строя диоды, 
	Вам придется искать точно такой же светильник, чтобы не нарушать дизайна, заниматься 
	демонтажом старого и монтажом нового. Значительно проще заменить стандартную лампу.

- Большая универсальность. Вы можете установить лампы любой нужной мощности и цветовой 
	температуры (или даже цветные), и в любой момент заменить их на другие.

- Более высокая надежность. Мы живем в век массового производства, а стандартные лампы 
	производятся в сотни раз большими тиражами, чем любые светильники.

- По этой же причине цена светильника со сменными лампами вполне соизмерима 
	(а подчас даже ниже), чем светильника со встроенными светодиодами.

	- Лампа в комплект не входит.
"	GX53	14984561	Прозрачный /Золото	240x110	5343
			Квадратные и овальные светильники GX53	Ecola GX53 H4  Square светильник квадратный без рефл. Черненая бронза 107x41 		130		http://svetonik.ru/upload/iblock/84d/84d980ea6a12de3c98a2e6f2e678d9cd.png		GX53	10795	107х41		
			Квадратные и овальные светильники GX53	Ecola GX53 H4  Square светильник квадратный без рефл. Хром 107x41  		133		http://svetonik.ru/upload/iblock/530/5300f3cef4e70878795ad7a692cd6c46.png		GX53	10792	Хром	107х41	
			Квадратные и овальные светильники GX53	Ecola GX53 H4  Square светильник квадратный без рефл. Сатин-хром 107x41  		133		http://svetonik.ru/upload/iblock/655/655a6afe58d4b780134bcb27c0d0177b.png		GX53	10793	Сатин-хром	107х41	
			Квадратные и овальные светильники GX53	Ecola GX53 H4  Square светильник квадратный без рефл. Золото 107x41 		125		http://svetonik.ru/upload/iblock/8e8/8e8db5d88ff7c1198becb9f5a653584b.png		GX53	10794	Золото	107х41	
			Квадратные и овальные светильники GX53	Ecola GX53 H4  Square светильник квадратный без рефл. Жемчуг 107x41 (к+)		133		http://svetonik.ru/upload/iblock/30d/30ded1022ecf604f5645b2d405af7c01.png	Ecola GX53 H4  Square светильник квадратный без рефл. Жемчуг 107x41 (к+)	GX53	10268750	Жемчуг	107х41	H4
			Квадратные и овальные светильники GX53	Ecola GX53 H4  Square светильник квадратный без рефл. Белый  107x41 		129		http://svetonik.ru/upload/iblock/eb1/eb1e66f9d44e981644561928129752c9.png		GX53	10791	Белый	107х41	
			Квадратные и овальные светильники GX53	Ecola GX53 H4  Square квадратный Черный Хром плоский 106x41 (к+)		126		http://svetonik.ru/upload/iblock/570/57073ddb92c532b350edcd4a51ff1891.png	Ecola GX53 H4  Square квадратный Черный Хром плоский 106x41 (к+)	GX53	12637201	Черный хром	106х41	H4
			Квадратные и овальные светильники GX53	Ecola GX53 H4  Square квадратный Черненая бронза плоский 106x41 (к+)		126		http://svetonik.ru/upload/iblock/84c/84c55fbae89df801e49bb56d34a7bc8b.png	Ecola GX53 H4  Square квадратный Черненая бронза плоский 106x41 (к+)	GX53	12637204	Черненая бронза 	106х41	H4
			Квадратные и овальные светильники GX53	Ecola GX53 H4  Square open edge квадратный Хром с открытым краем 106x41		136		http://svetonik.ru/upload/iblock/78b/78b9237d3c8d18db2439bf2e789aa8ff.png		GX53	10823	Хром	106х41	H4
			Квадратные и овальные светильники GX53	Ecola GX53 H4  Square open edge квадратный Сатин-Хром с открытым краем 106x41		126		http://svetonik.ru/upload/iblock/6d6/6d63aeffee1e98832299ea933faafddf.png		GX53	10824	Сатин-хром	106х41	H4
			Квадратные и овальные светильники GX53	Ecola GX53 H4  Square open edge квадратный Золото с открытым краем 106x41		126		http://svetonik.ru/upload/iblock/322/322e6ee31c7af350616c3f2cb8f574a6.png		GX53	10825	Золото	106х41	H4
			Квадратные и овальные светильники GX53	Ecola GX53 H4  Square open edge квадратный Белый с открытым краем 106x41		126		http://svetonik.ru/upload/iblock/14a/14a5f9386f0a47d4c5fcc4f7ef9d6898.png			10822			
			Квадратные и овальные светильники GX53	Ecola GX53 FT3238 светильник встр. без рефлектора Эллипс хром 41x126x106 		126		http://svetonik.ru/upload/iblock/a47/a47105b34a976b8f35a26c7e301d881f.png		GX53	10699	Хром	41х126х106	
			Квадратные и овальные светильники GX53	Ecola GX53 FT3238 светильник встр. без рефлектора Эллипс сатин-хром 41x126x106 		126		http://svetonik.ru/upload/iblock/632/63291ff593b478da2d5b103f39f70a88.png		GX53	10700	Сатин-хром	41х126х106	
			Квадратные и овальные светильники GX53	Ecola GX53 FT3238 светильник встр. без рефлектора Эллипс золото 41x126x106 		126		http://svetonik.ru/upload/iblock/d93/d93964b499ce1f47c15eb834e0fc1fff.png		GX53	10701	Золото	41х126х106	
			Квадратные и овальные светильники GX53	Ecola GX53 FT3238 светильник встр. без рефлектора Эллипс белый 41x126x106 		118		http://svetonik.ru/upload/iblock/db2/db2d26182a752a7c2482399e0db9b040.png		GX53	10702	Белый	41х126х106	
